county_fips,cbsa_name,urban_rural_nchs_2013
01001,Montgomery- AL,3
01003,Daphne-Fairhope-Foley- AL,4
01005,,6
01007,Birmingham-Hoover- AL,2
01009,Birmingham-Hoover- AL,2
01011,,6
01013,,6
01015,Anniston-Oxford-Jacksonville- AL,4
01017,Valley- AL,5
01019,,6
01021,Birmingham-Hoover- AL,2
01023,,6
01025,,6
01027,,6
01029,,6
01031,Enterprise- AL,5
01033,Florence-Muscle Shoals- AL,4
01035,,6
01037,Talladega-Sylacauga- AL,5
01039,,6
01041,,6
01043,Cullman- AL,5
01045,Ozark- AL,5
01047,Selma- AL,5
01049,,6
01051,Montgomery- AL,3
01053,,6
01055,Gadsden- AL,4
01057,,6
01059,,6
01061,Dothan- AL,4
01063,,6
01065,Tuscaloosa- AL,4
01067,Dothan- AL,4
01069,Dothan- AL,4
01071,Scottsboro- AL,5
01073,Birmingham-Hoover- AL,1
01075,,6
01077,Florence-Muscle Shoals- AL,4
01079,Decatur- AL,4
01081,Auburn-Opelika- AL,4
01083,Huntsville- AL,3
01085,Montgomery- AL,3
01087,,6
01089,Huntsville- AL,3
01091,,6
01093,,6
01095,Albertville- AL,5
01097,Mobile- AL,3
01099,,6
01101,Montgomery- AL,3
01103,Decatur- AL,4
01105,,6
01107,Tuscaloosa- AL,4
01109,Troy- AL,5
01111,,6
01113,Columbus- GA-AL,3
01115,Birmingham-Hoover- AL,2
01117,Birmingham-Hoover- AL,2
01119,,6
01121,Talladega-Sylacauga- AL,5
01123,,6
01125,Tuscaloosa- AL,4
01127,Birmingham-Hoover- AL,2
01129,,6
01131,,6
01133,,6
02013,,6
02016,,6
02020,Anchorage- AK,3
02050,,6
02060,,6
02068,,6
02070,,6
02090,Fairbanks- AK,4
02100,,6
02105,,6
02110,Juneau- AK,5
02122,,6
02130,Ketchikan- AK,5
02150,,6
02158,,6
02164,,6
02170,Anchorage- AK,3
02180,,6
02185,,6
02188,,6
02195,,6
02198,,6
02201,,6
02220,,6
02230,,6
02232,,6
02240,,6
02261,,6
02270,,6
02275,,6
02280,,6
02282,,6
02290,,6
04001,,6
04003,Sierra Vista-Douglas- AZ,4
04005,Flagstaff- AZ,4
04007,Payson- AZ,5
04009,Safford- AZ,5
04011,,6
04012,,6
04013,Phoenix-Mesa-Scottsdale- AZ,1
04015,Lake Havasu City-Kingman- AZ,4
04017,Show Low- AZ,5
04019,Tucson- AZ,3
04021,Phoenix-Mesa-Scottsdale- AZ,2
04023,Nogales- AZ,5
04025,Prescott- AZ,4
04027,Yuma- AZ,4
05001,,6
05003,,6
05005,Mountain Home- AR,5
05007,Fayetteville-Springdale-Rogers- AR-MO,3
05009,Harrison- AR,5
05011,,6
05013,Camden- AR,5
05015,,6
05017,,6
05019,Arkadelphia- AR,5
05021,,6
05023,,6
05025,Pine Bluff- AR,4
05027,Magnolia- AR,5
05029,,6
05031,Jonesboro- AR,4
05033,Fort Smith- AR-OK,3
05035,Memphis- TN-MS-AR,2
05037,,6
05039,,6
05041,,6
05043,,6
05045,Little Rock-North Little Rock-Conway- AR,3
05047,,6
05049,,6
05051,Hot Springs- AR,4
05053,Little Rock-North Little Rock-Conway- AR,3
05055,Paragould- AR,5
05057,,6
05059,Malvern- AR,5
05061,,6
05063,Batesville- AR,5
05065,,6
05067,,6
05069,Pine Bluff- AR,4
05071,,6
05073,,6
05075,,6
05077,,6
05079,Pine Bluff- AR,4
05081,Texarkana- TX-AR,4
05083,,6
05085,Little Rock-North Little Rock-Conway- AR,3
05087,Fayetteville-Springdale-Rogers- AR-MO,3
05089,,6
05091,Texarkana- TX-AR,4
05093,Blytheville- AR,5
05095,,6
05097,,6
05099,,6
05101,Harrison- AR,5
05103,Camden- AR,5
05105,Little Rock-North Little Rock-Conway- AR,3
05107,Helena-West Helena- AR,5
05109,,6
05111,Jonesboro- AR,4
05113,,6
05115,Russellville- AR,5
05117,,6
05119,Little Rock-North Little Rock-Conway- AR,3
05121,,6
05123,Forrest City- AR,5
05125,Little Rock-North Little Rock-Conway- AR,3
05127,,6
05129,,6
05131,Fort Smith- AR-OK,3
05133,,6
05135,,6
05137,,6
05139,El Dorado- AR,5
05141,,6
05143,Fayetteville-Springdale-Rogers- AR-MO,3
05145,Searcy- AR,5
05147,,6
05149,Russellville- AR,5
06001,San Francisco-Oakland-Hayward- CA,1
06003,,6
06005,,6
06007,Chico- CA,4
06009,,6
06011,,6
06013,San Francisco-Oakland-Hayward- CA,2
06015,Crescent City- CA,5
06017,Sacramento--Roseville--Arden-Arcade- CA,2
06019,Fresno- CA,3
06021,,6
06023,Eureka-Arcata-Fortuna- CA,5
06025,El Centro- CA,4
06027,,6
06029,Bakersfield- CA,3
06031,Hanford-Corcoran- CA,4
06033,Clearlake- CA,5
06035,Susanville- CA,5
06037,Los Angeles-Long Beach-Anaheim- CA,1
06039,Madera- CA,4
06041,San Francisco-Oakland-Hayward- CA,2
06043,,6
06045,Ukiah- CA,5
06047,Merced- CA,3
06049,,6
06051,,6
06053,Salinas- CA,3
06055,Napa- CA,4
06057,Truckee-Grass Valley- CA,5
06059,Los Angeles-Long Beach-Anaheim- CA,1
06061,Sacramento--Roseville--Arden-Arcade- CA,2
06063,,6
06065,Riverside-San Bernardino-Ontario- CA,1
06067,Sacramento--Roseville--Arden-Arcade- CA,1
06069,San Jose-Sunnyvale-Santa Clara- CA,2
06071,Riverside-San Bernardino-Ontario- CA,2
06073,San Diego-Carlsbad- CA,1
06075,San Francisco-Oakland-Hayward- CA,1
06077,Stockton-Lodi- CA,3
06079,San Luis Obispo-Paso Robles-Arroyo Grande,3
06081,San Francisco-Oakland-Hayward- CA,2
06083,Santa Maria-Santa Barbara- CA,3
06085,San Jose-Sunnyvale-Santa Clara- CA,1
06087,Santa Cruz-Watsonville- CA,3
06089,Redding- CA,4
06091,,6
06093,,6
06095,Vallejo-Fairfield- CA,3
06097,Santa Rosa- CA,3
06099,Modesto- CA,3
06101,Yuba City- CA,4
06103,Red Bluff- CA,5
06105,,6
06107,Visalia-Porterville- CA,3
06109,Sonora- CA,5
06111,Oxnard-Thousand Oaks-Ventura- CA,3
06113,Sacramento--Roseville--Arden-Arcade- CA,2
06115,Yuba City- CA,4
08001,Denver-Aurora-Lakewood- CO,2
08003,,6
08005,Denver-Aurora-Lakewood- CO,2
08007,,6
08009,,6
08011,,6
08013,Boulder- CO,3
08014,Denver-Aurora-Lakewood- CO,2
08015,,6
08017,,6
08019,Denver-Aurora-Lakewood- CO,2
08021,,6
08023,,6
08025,,6
08027,,6
08029,,6
08031,Denver-Aurora-Lakewood- CO,1
08033,,6
08035,Denver-Aurora-Lakewood- CO,2
08037,Edwards- CO,5
08039,Denver-Aurora-Lakewood- CO,2
08041,Colorado Springs- CO,3
08043,Ca±on City- CO,5
08045,Glenwood Springs- CO,5
08047,Denver-Aurora-Lakewood- CO,2
08049,,6
08051,,6
08053,,6
08055,,6
08057,,6
08059,Denver-Aurora-Lakewood- CO,2
08061,,6
08063,,6
08065,,6
08067,Durango- CO,5
08069,Fort Collins- CO,3
08071,,6
08073,,6
08075,Sterling- CO,5
08077,Grand Junction- CO,4
08079,,6
08081,Craig- CO,5
08083,,6
08085,Montrose- CO,5
08087,Fort Morgan- CO,5
08089,,6
08091,,6
08093,Denver-Aurora-Lakewood- CO,2
08095,,6
08097,Glenwood Springs- CO,5
08099,,6
08101,Pueblo- CO,4
08103,,6
08105,,6
08107,Steamboat Springs- CO,5
08109,,6
08111,,6
08113,,6
08115,,6
08117,Breckenridge- CO,5
08119,Colorado Springs- CO,3
08121,,6
08123,Greeley- CO,3
08125,,6
09001,Bridgeport-Stamford-Norwalk- CT,3
09003,Hartford-West Hartford-East Hartford- CT,1
09005,Torrington- CT,5
09007,Hartford-West Hartford-East Hartford- CT,2
09009,New Haven-Milford- CT,3
09011,Norwich-New London- CT,3
09013,Hartford-West Hartford-East Hartford- CT,2
09015,Worcester- MA-CT,3
10001,Dover- DE,4
10003,Philadelphia-Camden-Wilmington- PA-NJ-DE-,2
10005,Salisbury- MD-DE,3
11001,Washington-Arlington-Alexandria- DC-VA-MD,1
12001,Gainesville- FL,3
12003,Jacksonville- FL,2
12005,Panama City- FL,4
12007,,6
12009,Palm Bay-Melbourne-Titusville- FL,3
12011,Miami-Fort Lauderdale-West Palm Beach- FL,2
12013,,6
12015,Punta Gorda- FL,4
12017,Homosassa Springs- FL,4
12019,Jacksonville- FL,2
12021,Naples-Immokalee-Marco Island- FL,3
12023,Lake City- FL,5
12027,Arcadia- FL,5
12029,,6
12031,Jacksonville- FL,1
12033,Pensacola-Ferry Pass-Brent- FL,3
12035,Deltona-Daytona Beach-Ormond Beach- FL,3
12037,,6
12039,Tallahassee- FL,3
12041,Gainesville- FL,3
12043,,6
12045,Panama City- FL,4
12047,,6
12049,Wauchula- FL,5
12051,Clewiston- FL,5
12053,Tampa-St. Petersburg-Clearwater- FL,2
12055,Sebring- FL,4
12057,Tampa-St. Petersburg-Clearwater- FL,1
12059,,6
12061,Sebastian-Vero Beach- FL,4
12063,,6
12065,Tallahassee- FL,3
12067,,6
12069,Orlando-Kissimmee-Sanford- FL,2
12071,Cape Coral-Fort Myers- FL,3
12073,Tallahassee- FL,3
12075,,6
12077,,6
12079,,6
12081,North Port-Sarasota-Bradenton- FL,3
12083,Ocala- FL,3
12085,Port St. Lucie- FL,3
12086,Miami-Fort Lauderdale-West Palm Beach- FL,1
12087,Key West- FL,5
12089,Jacksonville- FL,2
12091,Crestview-Fort Walton Beach-Destin- FL,4
12093,Okeechobee- FL,5
12095,Orlando-Kissimmee-Sanford- FL,1
12097,Orlando-Kissimmee-Sanford- FL,2
12099,Miami-Fort Lauderdale-West Palm Beach- FL,2
12101,Tampa-St. Petersburg-Clearwater- FL,2
12103,Tampa-St. Petersburg-Clearwater- FL,1
12105,Lakeland-Winter Haven- FL,3
12107,Palatka- FL,5
12109,Jacksonville- FL,2
12111,Port St. Lucie- FL,3
12113,Pensacola-Ferry Pass-Brent- FL,3
12115,North Port-Sarasota-Bradenton- FL,3
12117,Orlando-Kissimmee-Sanford- FL,2
12119,The Villages- FL,4
12121,,6
12123,,6
12125,,6
12127,Deltona-Daytona Beach-Ormond Beach- FL,3
12129,Tallahassee- FL,3
12131,Crestview-Fort Walton Beach-Destin- FL,4
12133,,6
13001,,6
13003,,6
13005,,6
13007,Albany- GA,4
13009,Milledgeville- GA,5
13011,,6
13013,Atlanta-Sandy Springs-Roswell- GA,2
13015,Atlanta-Sandy Springs-Roswell- GA,2
13017,Fitzgerald- GA,5
13019,,6
13021,Macon- GA,4
13023,,6
13025,Brunswick- GA,4
13027,Valdosta- GA,4
13029,Savannah- GA,3
13031,Statesboro- GA,5
13033,Augusta-Richmond County- GA-SC,3
13035,Atlanta-Sandy Springs-Roswell- GA,2
13037,,6
13039,St. Marys- GA,5
13043,,6
13045,Atlanta-Sandy Springs-Roswell- GA,2
13047,Chattanooga- TN-GA,3
13049,,6
13051,Savannah- GA,3
13053,Columbus- GA-AL,3
13055,Summerville- GA,5
13057,Atlanta-Sandy Springs-Roswell- GA,2
13059,Athens-Clarke County- GA,4
13061,,6
13063,Atlanta-Sandy Springs-Roswell- GA,2
13065,,6
13067,Atlanta-Sandy Springs-Roswell- GA,2
13069,Douglas- GA,5
13071,Moultrie- GA,5
13073,Augusta-Richmond County- GA-SC,3
13075,,6
13077,Atlanta-Sandy Springs-Roswell- GA,2
13079,Macon- GA,4
13081,Cordele- GA,5
13083,Chattanooga- TN-GA,3
13085,Atlanta-Sandy Springs-Roswell- GA,2
13087,Bainbridge- GA,5
13089,Atlanta-Sandy Springs-Roswell- GA,2
13091,,6
13093,,6
13095,Albany- GA,4
13097,Atlanta-Sandy Springs-Roswell- GA,2
13099,,6
13101,Valdosta- GA,4
13103,Savannah- GA,3
13105,,6
13107,,6
13109,,6
13111,,6
13113,Atlanta-Sandy Springs-Roswell- GA,2
13115,Rome- GA,4
13117,Atlanta-Sandy Springs-Roswell- GA,2
13119,,6
13121,Atlanta-Sandy Springs-Roswell- GA,1
13123,,6
13125,,6
13127,Brunswick- GA,4
13129,Calhoun- GA,5
13131,,6
13133,,6
13135,Atlanta-Sandy Springs-Roswell- GA,2
13137,Cornelia- GA,5
13139,Gainesville- GA,4
13141,Milledgeville- GA,5
13143,Atlanta-Sandy Springs-Roswell- GA,2
13145,Columbus- GA-AL,3
13147,,6
13149,Atlanta-Sandy Springs-Roswell- GA,2
13151,Atlanta-Sandy Springs-Roswell- GA,2
13153,Warner Robins- GA,4
13155,,6
13157,Jefferson- GA,5
13159,Atlanta-Sandy Springs-Roswell- GA,2
13161,,6
13163,,6
13165,,6
13167,Dublin- GA,5
13169,Macon- GA,4
13171,Atlanta-Sandy Springs-Roswell- GA,2
13173,Valdosta- GA,4
13175,Dublin- GA,5
13177,Albany- GA,4
13179,Hinesville- GA,4
13181,Augusta-Richmond County- GA-SC,3
13183,Hinesville- GA,4
13185,Valdosta- GA,4
13187,,6
13189,Augusta-Richmond County- GA-SC,3
13191,Brunswick- GA,4
13193,,6
13195,Athens-Clarke County- GA,4
13197,Columbus- GA-AL,3
13199,Atlanta-Sandy Springs-Roswell- GA,2
13201,,6
13205,,6
13207,Macon- GA,4
13209,Vidalia- GA,5
13211,Atlanta-Sandy Springs-Roswell- GA,2
13213,Dalton- GA,4
13215,Columbus- GA-AL,3
13217,Atlanta-Sandy Springs-Roswell- GA,2
13219,Athens-Clarke County- GA,4
13221,Athens-Clarke County- GA,4
13223,Atlanta-Sandy Springs-Roswell- GA,2
13225,Warner Robins- GA,4
13227,Atlanta-Sandy Springs-Roswell- GA,2
13229,Waycross- GA,5
13231,Atlanta-Sandy Springs-Roswell- GA,2
13233,Cedartown- GA,5
13235,Warner Robins- GA,4
13237,,6
13239,,6
13241,,6
13243,,6
13245,Augusta-Richmond County- GA-SC,3
13247,Atlanta-Sandy Springs-Roswell- GA,2
13249,Americus- GA,5
13251,,6
13253,,6
13255,Atlanta-Sandy Springs-Roswell- GA,2
13257,Toccoa- GA,5
13259,,6
13261,Americus- GA,5
13263,,6
13265,,6
13267,,6
13269,,6
13271,,6
13273,Albany- GA,4
13275,Thomasville- GA,5
13277,Tifton- GA,5
13279,Vidalia- GA,5
13281,,6
13283,,6
13285,LaGrange- GA,5
13287,,6
13289,Macon- GA,4
13291,,6
13293,Thomaston- GA,5
13295,Chattanooga- TN-GA,3
13297,Atlanta-Sandy Springs-Roswell- GA,2
13299,Waycross- GA,5
13301,,6
13303,,6
13305,Jesup- GA,5
13307,,6
13309,,6
13311,,6
13313,Dalton- GA,4
13315,,6
13317,,6
13319,,6
13321,Albany- GA,4
15001,Hilo- HI,5
15003,Urban Honolulu- HI,3
15005,Kahului-Wailuku-Lahaina- HI,4
15007,Kapaa- HI,5
15009,Kahului-Wailuku-Lahaina- HI,4
16001,Boise City- ID,3
16003,,6
16005,Pocatello- ID,4
16007,,6
16009,,6
16011,Blackfoot- ID,5
16013,Hailey- ID,5
16015,Boise City- ID,3
16017,Sandpoint- ID,5
16019,Idaho Falls- ID,4
16021,,6
16023,Idaho Falls- ID,4
16025,Hailey- ID,5
16027,Boise City- ID,3
16029,,6
16031,Burley- ID,5
16033,,6
16035,,6
16037,,6
16039,Mountain Home- ID,5
16041,Logan- UT-ID,4
16043,Rexburg- ID,5
16045,Boise City- ID,3
16047,,6
16049,,6
16051,Idaho Falls- ID,4
16053,Twin Falls- ID,5
16055,Coeur d'Alene- ID,4
16057,Moscow- ID,5
16059,,6
16061,,6
16063,Hailey- ID,5
16065,Rexburg- ID,5
16067,Burley- ID,5
16069,Lewiston- ID-WA,4
16071,,6
16073,Boise City- ID,3
16075,Ontario- OR-ID,5
16077,,6
16079,,6
16081,Jackson- WY-ID,5
16083,Twin Falls- ID,5
16085,,6
16087,,6
17001,Quincy- IL-MO,5
17003,Cape Girardeau- MO-IL,4
17005,St. Louis- MO-IL,2
17007,Rockford- IL,3
17009,,6
17011,Ottawa-Peru- IL,5
17013,St. Louis- MO-IL,2
17015,,6
17017,,6
17019,Champaign-Urbana- IL,4
17021,Taylorville- IL,5
17023,,6
17025,,6
17027,St. Louis- MO-IL,2
17029,Charleston-Mattoon- IL,5
17031,Chicago-Naperville-Elgin- IL-IN-WI,1
17033,,6
17035,Charleston-Mattoon- IL,5
17037,Chicago-Naperville-Elgin- IL-IN-WI,2
17039,Bloomington- IL,4
17041,,6
17043,Chicago-Naperville-Elgin- IL-IN-WI,2
17045,,6
17047,,6
17049,Effingham- IL,5
17051,,6
17053,Champaign-Urbana- IL,4
17055,,6
17057,Canton- IL,5
17059,,6
17061,,6
17063,Chicago-Naperville-Elgin- IL-IN-WI,2
17065,,6
17067,Fort Madison-Keokuk- IA-IL-MO,5
17069,,6
17071,Burlington- IA-IL,5
17073,Davenport-Moline-Rock Island- IA-IL,3
17075,,6
17077,Carbondale-Marion- IL,4
17079,,6
17081,Mount Vernon- IL,5
17083,St. Louis- MO-IL,2
17085,,6
17087,,6
17089,Chicago-Naperville-Elgin- IL-IN-WI,2
17091,Kankakee- IL,4
17093,Chicago-Naperville-Elgin- IL-IN-WI,2
17095,Galesburg- IL,5
17097,Chicago-Naperville-Elgin- IL-IN-WI,2
17099,Ottawa-Peru- IL,5
17101,,6
17103,Dixon- IL,5
17105,Pontiac- IL,5
17107,Lincoln- IL,5
17109,Macomb- IL,5
17111,Chicago-Naperville-Elgin- IL-IN-WI,2
17113,Bloomington- IL,4
17115,Decatur- IL,4
17117,St. Louis- MO-IL,2
17119,St. Louis- MO-IL,2
17121,Centralia- IL,5
17123,Peoria- IL,3
17125,,6
17127,Paducah- KY-IL,5
17129,Springfield- IL,4
17131,Davenport-Moline-Rock Island- IA-IL,3
17133,St. Louis- MO-IL,2
17135,,6
17137,Jacksonville- IL,5
17139,,6
17141,Rochelle- IL,5
17143,Peoria- IL,3
17145,,6
17147,Champaign-Urbana- IL,4
17149,,6
17151,,6
17153,,6
17155,Ottawa-Peru- IL,5
17157,,6
17159,,6
17161,Davenport-Moline-Rock Island- IA-IL,3
17163,St. Louis- MO-IL,2
17165,,6
17167,Springfield- IL,4
17169,,6
17171,Jacksonville- IL,5
17173,,6
17175,Peoria- IL,3
17177,Freeport- IL,5
17179,Peoria- IL,3
17181,,6
17183,Danville- IL,4
17185,,6
17187,,6
17189,,6
17191,,6
17193,,6
17195,Sterling- IL,5
17197,Chicago-Naperville-Elgin- IL-IN-WI,2
17199,Carbondale-Marion- IL,4
17201,Rockford- IL,3
17203,Peoria- IL,3
18001,Decatur- IN,5
18003,Fort Wayne- IN,3
18005,Columbus- IN,4
18007,Lafayette-West Lafayette- IN,4
18009,,6
18011,Indianapolis-Carmel-Anderson- IN,2
18013,Indianapolis-Carmel-Anderson- IN,2
18015,Lafayette-West Lafayette- IN,4
18017,Logansport- IN,5
18019,Louisville/Jefferson County- KY-IN,2
18021,Terre Haute- IN,4
18023,Frankfort- IN,5
18025,,6
18027,Washington- IN,5
18029,Cincinnati- OH-KY-IN,2
18031,Greensburg- IN,5
18033,Auburn- IN,5
18035,Muncie- IN,4
18037,Jasper- IN,5
18039,Elkhart-Goshen- IN,4
18041,Connersville- IN,5
18043,Louisville/Jefferson County- KY-IN,2
18045,,6
18047,,6
18049,,6
18051,,6
18053,Marion- IN,5
18055,,6
18057,Indianapolis-Carmel-Anderson- IN,2
18059,Indianapolis-Carmel-Anderson- IN,2
18061,Louisville/Jefferson County- KY-IN,2
18063,Indianapolis-Carmel-Anderson- IN,2
18065,New Castle- IN,5
18067,Kokomo- IN,4
18069,Huntington- IN,5
18071,Seymour- IN,5
18073,Chicago-Naperville-Elgin- IL-IN-WI,2
18075,,6
18077,Madison- IN,5
18079,North Vernon- IN,5
18081,Indianapolis-Carmel-Anderson- IN,2
18083,Vincennes- IN,5
18085,Warsaw- IN,5
18087,,6
18089,Chicago-Naperville-Elgin- IL-IN-WI,2
18091,Michigan City-La Porte- IN,4
18093,Bedford- IN,5
18095,Indianapolis-Carmel-Anderson- IN,2
18097,Indianapolis-Carmel-Anderson- IN,1
18099,Plymouth- IN,5
18101,,6
18103,Peru- IN,5
18105,Bloomington- IN,4
18107,Crawfordsville- IN,5
18109,Indianapolis-Carmel-Anderson- IN,2
18111,Chicago-Naperville-Elgin- IL-IN-WI,2
18113,Kendallville- IN,5
18115,Cincinnati- OH-KY-IN,2
18117,,6
18119,Bloomington- IN,4
18121,,6
18123,,6
18125,Jasper- IN,5
18127,Chicago-Naperville-Elgin- IL-IN-WI,2
18129,Evansville- IN-KY,3
18131,,6
18133,Indianapolis-Carmel-Anderson- IN,2
18135,,6
18137,,6
18139,,6
18141,South Bend-Mishawaka- IN-MI,3
18143,Louisville/Jefferson County- KY-IN,2
18145,Indianapolis-Carmel-Anderson- IN,2
18147,,6
18149,,6
18151,Angola- IN,5
18153,Terre Haute- IN,4
18155,,6
18157,Lafayette-West Lafayette- IN,4
18159,,6
18161,Cincinnati- OH-KY-IN,2
18163,Evansville- IN-KY,3
18165,Terre Haute- IN,4
18167,Terre Haute- IN,4
18169,Wabash- IN,5
18171,,6
18173,Evansville- IN-KY,3
18175,Louisville/Jefferson County- KY-IN,2
18177,Richmond- IN,5
18179,Fort Wayne- IN,3
18181,,6
18183,Fort Wayne- IN,3
19001,,6
19003,,6
19005,,6
19007,,6
19009,,6
19011,Cedar Rapids- IA,3
19013,Waterloo-Cedar Falls- IA,4
19015,Boone- IA,5
19017,Waterloo-Cedar Falls- IA,4
19019,,6
19021,Storm Lake- IA,5
19023,,6
19025,,6
19027,,6
19029,,6
19031,,6
19033,Mason City- IA,5
19035,,6
19037,,6
19039,,6
19041,Spencer- IA,5
19043,,6
19045,Clinton- IA,5
19047,,6
19049,Des Moines-West Des Moines- IA,3
19051,Ottumwa- IA,5
19053,,6
19055,,6
19057,Burlington- IA-IL,5
19059,Spirit Lake- IA,5
19061,Dubuque- IA,4
19063,,6
19065,,6
19067,,6
19069,,6
19071,,6
19073,,6
19075,Waterloo-Cedar Falls- IA,4
19077,Des Moines-West Des Moines- IA,3
19079,,6
19081,,6
19083,,6
19085,Omaha-Council Bluffs- NE-IA,3
19087,,6
19089,,6
19091,,6
19093,,6
19095,,6
19097,,6
19099,Newton- IA,5
19101,Fairfield- IA,5
19103,Iowa City- IA,4
19105,Cedar Rapids- IA,3
19107,,6
19109,,6
19111,Fort Madison-Keokuk- IA-IL-MO,5
19113,Cedar Rapids- IA,3
19115,,6
19117,,6
19119,,6
19121,Des Moines-West Des Moines- IA,3
19123,Oskaloosa- IA,5
19125,,6
19127,Marshalltown- IA,5
19129,Omaha-Council Bluffs- NE-IA,3
19131,,6
19133,,6
19135,,6
19137,,6
19139,Muscatine- IA,5
19141,,6
19143,,6
19145,,6
19147,,6
19149,Sioux City- IA-NE-SD,4
19151,,6
19153,Des Moines-West Des Moines- IA,3
19155,Omaha-Council Bluffs- NE-IA,3
19157,,6
19159,,6
19161,,6
19163,Davenport-Moline-Rock Island- IA-IL,3
19165,,6
19167,,6
19169,Ames- IA,4
19171,,6
19173,,6
19175,,6
19177,,6
19179,Ottumwa- IA,5
19181,Des Moines-West Des Moines- IA,3
19183,Iowa City- IA,4
19185,,6
19187,Fort Dodge- IA,5
19189,,6
19191,,6
19193,Sioux City- IA-NE-SD,4
19195,Mason City- IA,5
19197,,6
20001,,6
20003,,6
20005,Atchison- KS,5
20007,,6
20009,Great Bend- KS,5
20011,,6
20013,,6
20015,Wichita- KS,3
20017,,6
20019,,6
20021,,6
20023,,6
20025,,6
20027,,6
20029,,6
20031,,6
20033,,6
20035,Arkansas City-Winfield- KS,5
20037,Pittsburg- KS,5
20039,,6
20041,,6
20043,St. Joseph- MO-KS,4
20045,Lawrence- KS,4
20047,,6
20049,,6
20051,Hays- KS,5
20053,,6
20055,Garden City- KS,5
20057,Dodge City- KS,5
20059,Ottawa- KS,5
20061,Junction City- KS,5
20063,,6
20065,,6
20067,,6
20069,,6
20071,,6
20073,,6
20075,,6
20077,,6
20079,Wichita- KS,3
20081,,6
20083,,6
20085,Topeka- KS,4
20087,Topeka- KS,4
20089,,6
20091,Kansas City- MO-KS,2
20093,Garden City- KS,5
20095,Wichita- KS,3
20097,,6
20099,Parsons- KS,5
20101,,6
20103,Kansas City- MO-KS,2
20105,,6
20107,Kansas City- MO-KS,2
20109,,6
20111,Emporia- KS,5
20113,McPherson- KS,5
20115,,6
20117,,6
20119,,6
20121,Kansas City- MO-KS,2
20123,,6
20125,Coffeyville- KS,5
20127,,6
20129,,6
20131,,6
20133,,6
20135,,6
20137,,6
20139,Topeka- KS,4
20141,,6
20143,Salina- KS,5
20145,,6
20147,,6
20149,Manhattan- KS,4
20151,,6
20153,,6
20155,Hutchinson- KS,5
20157,,6
20159,,6
20161,Manhattan- KS,4
20163,,6
20165,,6
20167,,6
20169,Salina- KS,5
20171,,6
20173,Wichita- KS,3
20175,Liberal- KS,5
20177,Topeka- KS,4
20179,,6
20181,,6
20183,,6
20185,,6
20187,,6
20189,,6
20191,Wichita- KS,3
20193,,6
20195,,6
20197,Topeka- KS,4
20199,,6
20201,,6
20203,,6
20205,,6
20207,,6
20209,Kansas City- MO-KS,2
21001,,6
21003,Bowling Green- KY,4
21005,Frankfort- KY,5
21007,Paducah- KY-IL,5
21009,Glasgow- KY,5
21011,Mount Sterling- KY,5
21013,Middlesborough- KY,5
21015,Cincinnati- OH-KY-IN,2
21017,Lexington-Fayette- KY,3
21019,Huntington-Ashland- WV-KY-OH,3
21021,Danville- KY,5
21023,Cincinnati- OH-KY-IN,2
21025,,6
21027,,6
21029,Louisville/Jefferson County- KY-IN,2
21031,Bowling Green- KY,4
21033,,6
21035,Murray- KY,5
21037,Cincinnati- OH-KY-IN,2
21039,,6
21041,,6
21043,,6
21045,,6
21047,Clarksville- TN-KY,3
21049,Lexington-Fayette- KY,3
21051,,6
21053,,6
21055,,6
21057,,6
21059,Owensboro- KY,4
21061,Bowling Green- KY,4
21063,,6
21065,,6
21067,Lexington-Fayette- KY,3
21069,,6
21071,,6
21073,Frankfort- KY,5
21075,Union City- TN-KY,5
21077,Cincinnati- OH-KY-IN,2
21079,,6
21081,Cincinnati- OH-KY-IN,2
21083,Mayfield- KY,5
21085,,6
21087,,6
21089,Huntington-Ashland- WV-KY-OH,3
21091,Owensboro- KY,4
21093,Elizabethtown-Fort Knox- KY,4
21095,,6
21097,,6
21099,,6
21101,Evansville- IN-KY,3
21103,Louisville/Jefferson County- KY-IN,2
21105,,6
21107,Madisonville- KY,5
21109,,6
21111,Louisville/Jefferson County- KY-IN,1
21113,Lexington-Fayette- KY,3
21115,,6
21117,Cincinnati- OH-KY-IN,2
21119,,6
21121,London- KY,5
21123,Elizabethtown-Fort Knox- KY,4
21125,London- KY,5
21127,,6
21129,,6
21131,,6
21133,,6
21135,,6
21137,Danville- KY,5
21139,Paducah- KY-IL,5
21141,,6
21143,,6
21145,Paducah- KY-IL,5
21147,,6
21149,Owensboro- KY,4
21151,Richmond-Berea- KY,5
21153,,6
21155,,6
21157,,6
21159,,6
21161,Maysville- KY,5
21163,Elizabethtown-Fort Knox- KY,4
21165,Mount Sterling- KY,5
21167,,6
21169,Glasgow- KY,5
21171,,6
21173,Mount Sterling- KY,5
21175,,6
21177,,6
21179,Bardstown- KY,5
21181,,6
21183,,6
21185,Louisville/Jefferson County- KY-IN,2
21187,,6
21189,,6
21191,Cincinnati- OH-KY-IN,2
21193,,6
21195,,6
21197,,6
21199,Somerset- KY,5
21201,,6
21203,Richmond-Berea- KY,5
21205,,6
21207,,6
21209,Lexington-Fayette- KY,3
21211,Louisville/Jefferson County- KY-IN,2
21213,,6
21215,Louisville/Jefferson County- KY-IN,2
21217,Campbellsville- KY,5
21219,,6
21221,Clarksville- TN-KY,3
21223,Louisville/Jefferson County- KY-IN,2
21225,,6
21227,Bowling Green- KY,4
21229,,6
21231,,6
21233,,6
21235,London- KY,5
21237,,6
21239,Lexington-Fayette- KY,3
22001,Lafayette- LA,3
22003,,6
22005,Baton Rouge- LA,3
22007,,6
22009,,6
22011,DeRidder- LA,5
22013,,6
22015,Shreveport-Bossier City- LA,3
22017,Shreveport-Bossier City- LA,3
22019,Lake Charles- LA,4
22021,,6
22023,Lake Charles- LA,4
22025,,6
22027,,6
22029,Natchez- MS-LA,5
22031,Shreveport-Bossier City- LA,3
22033,Baton Rouge- LA,3
22035,,6
22037,Baton Rouge- LA,3
22039,,6
22041,,6
22043,Alexandria- LA,4
22045,Lafayette- LA,3
22047,Baton Rouge- LA,3
22049,,6
22051,New Orleans-Metairie- LA,2
22053,,6
22055,Lafayette- LA,3
22057,Houma-Thibodaux- LA,4
22059,,6
22061,Ruston- LA,5
22063,Baton Rouge- LA,3
22065,,6
22067,Bastrop- LA,5
22069,Natchitoches- LA,5
22071,New Orleans-Metairie- LA,1
22073,Monroe- LA,4
22075,New Orleans-Metairie- LA,2
22077,Baton Rouge- LA,3
22079,Alexandria- LA,4
22081,,6
22083,,6
22085,,6
22087,New Orleans-Metairie- LA,2
22089,New Orleans-Metairie- LA,2
22091,Baton Rouge- LA,3
22093,New Orleans-Metairie- LA,2
22095,New Orleans-Metairie- LA,2
22097,Opelousas- LA,5
22099,Lafayette- LA,3
22101,Morgan City- LA,5
22103,New Orleans-Metairie- LA,2
22105,Hammond- LA,4
22107,,6
22109,Houma-Thibodaux- LA,4
22111,Monroe- LA,4
22113,Lafayette- LA,3
22115,Fort Polk South- LA,5
22117,Bogalusa- LA,5
22119,Shreveport-Bossier City- LA,3
22121,Baton Rouge- LA,3
22123,,6
22125,Baton Rouge- LA,3
22127,,6
23001,Lewiston-Auburn- ME,4
23003,,6
23005,Portland-South Portland- ME,3
23007,,6
23009,,6
23011,Augusta-Waterville- ME,5
23013,,6
23015,,6
23017,,6
23019,Bangor- ME,4
23021,,6
23023,Portland-South Portland- ME,3
23025,,6
23027,,6
23029,,6
23031,Portland-South Portland- ME,3
24001,Cumberland- MD-WV,4
24003,Baltimore-Columbia-Towson- MD,2
24005,Baltimore-Columbia-Towson- MD,2
24009,Washington-Arlington-Alexandria- DC-VA-MD,2
24011,,6
24013,Baltimore-Columbia-Towson- MD,2
24015,Philadelphia-Camden-Wilmington- PA-NJ-DE-,2
24017,Washington-Arlington-Alexandria- DC-VA-MD,2
24019,Cambridge- MD,5
24021,Washington-Arlington-Alexandria- DC-VA-MD,2
24023,,6
24025,Baltimore-Columbia-Towson- MD,2
24027,Baltimore-Columbia-Towson- MD,2
24029,,6
24031,Washington-Arlington-Alexandria- DC-VA-MD,2
24033,Washington-Arlington-Alexandria- DC-VA-MD,2
24035,Baltimore-Columbia-Towson- MD,2
24037,California-Lexington Park- MD,4
24039,Salisbury- MD-DE,3
24041,Easton- MD,5
24043,Hagerstown-Martinsburg- MD-WV,3
24045,Salisbury- MD-DE,3
24047,Salisbury- MD-DE,3
24510,Baltimore-Columbia-Towson- MD,1
25001,Barnstable Town- MA,4
25003,Pittsfield- MA,4
25005,Providence-Warwick- RI-MA,2
25007,Vineyard Haven- MA,5
25009,Boston-Cambridge-Newton- MA-NH,2
25011,Greenfield Town- MA,5
25013,Springfield- MA,3
25015,Springfield- MA,3
25017,Boston-Cambridge-Newton- MA-NH,2
25019,,6
25021,Boston-Cambridge-Newton- MA-NH,2
25023,Boston-Cambridge-Newton- MA-NH,2
25025,Boston-Cambridge-Newton- MA-NH,1
25027,Worcester- MA-CT,3
26001,,6
26003,,6
26005,Holland- MI,5
26007,Alpena- MI,5
26009,,6
26011,,6
26013,,6
26015,Grand Rapids-Wyoming- MI,2
26017,Bay City- MI,4
26019,Traverse City- MI,5
26021,Niles-Benton Harbor- MI,4
26023,Coldwater- MI,5
26025,Battle Creek- MI,4
26027,South Bend-Mishawaka- IN-MI,3
26029,,6
26031,,6
26033,Sault Ste. Marie- MI,5
26035,,6
26037,Lansing-East Lansing- MI,3
26039,,6
26041,Escanaba- MI,5
26043,Iron Mountain- MI-WI,5
26045,Lansing-East Lansing- MI,3
26047,,6
26049,Flint- MI,3
26051,,6
26053,,6
26055,Traverse City- MI,5
26057,Alma- MI,5
26059,Hillsdale- MI,5
26061,Houghton- MI,5
26063,,6
26065,Lansing-East Lansing- MI,3
26067,Ionia- MI,5
26069,,6
26071,,6
26073,Mount Pleasant- MI,5
26075,Jackson- MI,4
26077,Kalamazoo-Portage- MI,3
26079,Traverse City- MI,5
26081,Grand Rapids-Wyoming- MI,1
26083,Houghton- MI,5
26085,,6
26087,Detroit-Warren-Dearborn- MI,2
26089,Traverse City- MI,5
26091,Adrian- MI,5
26093,Detroit-Warren-Dearborn- MI,2
26095,,6
26097,,6
26099,Detroit-Warren-Dearborn- MI,2
26101,,6
26103,Marquette- MI,5
26105,Ludington- MI,5
26107,Big Rapids- MI,5
26109,Marinette- WI-MI,5
26111,Midland- MI,4
26113,Cadillac- MI,5
26115,Monroe- MI,4
26117,Grand Rapids-Wyoming- MI,2
26119,,6
26121,Muskegon- MI,4
26123,,6
26125,Detroit-Warren-Dearborn- MI,2
26127,,6
26129,,6
26131,,6
26133,,6
26135,,6
26137,,6
26139,Grand Rapids-Wyoming- MI,2
26141,,6
26143,,6
26145,Saginaw- MI,4
26147,Detroit-Warren-Dearborn- MI,2
26149,Sturgis- MI,5
26151,,6
26153,,6
26155,Owosso- MI,5
26157,,6
26159,Kalamazoo-Portage- MI,3
26161,Ann Arbor- MI,3
26163,Detroit-Warren-Dearborn- MI,1
26165,Cadillac- MI,5
27001,,6
27003,Minneapolis-St. Paul-Bloomington- MN-WI,2
27005,,6
27007,Bemidji- MN,5
27009,St. Cloud- MN,4
27011,,6
27013,Mankato-North Mankato- MN,4
27015,New Ulm- MN,5
27017,Duluth- MN-WI,3
27019,Minneapolis-St. Paul-Bloomington- MN-WI,2
27021,Brainerd- MN,5
27023,,6
27025,Minneapolis-St. Paul-Bloomington- MN-WI,2
27027,Fargo- ND-MN,4
27029,,6
27031,,6
27033,,6
27035,Brainerd- MN,5
27037,Minneapolis-St. Paul-Bloomington- MN-WI,2
27039,Rochester- MN,4
27041,Alexandria- MN,5
27043,,6
27045,Rochester- MN,4
27047,Albert Lea- MN,5
27049,Red Wing- MN,5
27051,,6
27053,Minneapolis-St. Paul-Bloomington- MN-WI,1
27055,La Crosse-Onalaska- WI-MN,4
27057,,6
27059,Minneapolis-St. Paul-Bloomington- MN-WI,2
27061,,6
27063,,6
27065,,6
27067,Willmar- MN,5
27069,,6
27071,,6
27073,,6
27075,,6
27077,,6
27079,Minneapolis-St. Paul-Bloomington- MN-WI,2
27081,,6
27083,Marshall- MN,5
27085,Hutchinson- MN,5
27087,,6
27089,,6
27091,,6
27093,,6
27095,Minneapolis-St. Paul-Bloomington- MN-WI,2
27097,,6
27099,Austin- MN,5
27101,,6
27103,Mankato-North Mankato- MN,4
27105,Worthington- MN,5
27107,,6
27109,Rochester- MN,4
27111,Fergus Falls- MN,5
27113,,6
27115,,6
27117,,6
27119,Grand Forks- ND-MN,4
27121,,6
27123,Minneapolis-St. Paul-Bloomington- MN-WI,1
27125,,6
27127,,6
27129,,6
27131,Faribault-Northfield- MN,5
27133,,6
27135,,6
27137,Duluth- MN-WI,3
27139,Minneapolis-St. Paul-Bloomington- MN-WI,2
27141,Minneapolis-St. Paul-Bloomington- MN-WI,2
27143,Minneapolis-St. Paul-Bloomington- MN-WI,2
27145,St. Cloud- MN,4
27147,Owatonna- MN,5
27149,,6
27151,,6
27153,,6
27155,,6
27157,Rochester- MN,4
27159,,6
27161,,6
27163,Minneapolis-St. Paul-Bloomington- MN-WI,2
27165,,6
27167,Wahpeton- ND-MN,5
27169,Winona- MN,5
27171,Minneapolis-St. Paul-Bloomington- MN-WI,2
27173,,6
28001,Natchez- MS-LA,5
28003,Corinth- MS,5
28005,McComb- MS,5
28007,,6
28009,Memphis- TN-MS-AR,2
28011,Cleveland- MS,5
28013,,6
28015,Greenwood- MS,5
28017,,6
28019,,6
28021,Vicksburg- MS,5
28023,Meridian- MS,5
28025,,6
28027,Clarksdale- MS,5
28029,Jackson- MS,3
28031,,6
28033,Memphis- TN-MS-AR,2
28035,Hattiesburg- MS,4
28037,,6
28039,,6
28041,,6
28043,Grenada- MS,5
28045,Gulfport-Biloxi-Pascagoula- MS,3
28047,Gulfport-Biloxi-Pascagoula- MS,3
28049,Jackson- MS,3
28051,,6
28053,,6
28055,,6
28057,Tupelo- MS,5
28059,Gulfport-Biloxi-Pascagoula- MS,3
28061,Laurel- MS,5
28063,,6
28065,,6
28067,Laurel- MS,5
28069,Meridian- MS,5
28071,Oxford- MS,5
28073,Hattiesburg- MS,4
28075,Meridian- MS,5
28077,,6
28079,,6
28081,Tupelo- MS,5
28083,Greenwood- MS,5
28085,Brookhaven- MS,5
28087,Columbus- MS,5
28089,Jackson- MS,3
28091,,6
28093,Memphis- TN-MS-AR,2
28095,,6
28097,,6
28099,,6
28101,,6
28103,,6
28105,Starkville- MS,5
28107,,6
28109,Picayune- MS,5
28111,Hattiesburg- MS,4
28113,McComb- MS,5
28115,Tupelo- MS,5
28117,,6
28119,,6
28121,Jackson- MS,3
28123,,6
28125,,6
28127,Jackson- MS,3
28129,,6
28131,,6
28133,Indianola- MS,5
28135,,6
28137,Memphis- TN-MS-AR,2
28139,,6
28141,,6
28143,Memphis- TN-MS-AR,2
28145,,6
28147,,6
28149,Vicksburg- MS,5
28151,Greenville- MS,5
28153,,6
28155,,6
28157,,6
28159,,6
28161,,6
28163,Jackson- MS,3
29001,Kirksville- MO,5
29003,St. Joseph- MO-KS,4
29005,,6
29007,Mexico- MO,5
29009,,6
29011,,6
29013,Kansas City- MO-KS,2
29015,,6
29017,Cape Girardeau- MO-IL,4
29019,Columbia- MO,4
29021,St. Joseph- MO-KS,4
29023,Poplar Bluff- MO,5
29025,Kansas City- MO-KS,2
29027,Jefferson City- MO,4
29029,,6
29031,Cape Girardeau- MO-IL,4
29033,,6
29035,,6
29037,Kansas City- MO-KS,2
29039,,6
29041,,6
29043,Springfield- MO,3
29045,Fort Madison-Keokuk- IA-IL-MO,5
29047,Kansas City- MO-KS,2
29049,Kansas City- MO-KS,2
29051,Jefferson City- MO,4
29053,,6
29055,,6
29057,,6
29059,Springfield- MO,3
29061,,6
29063,St. Joseph- MO-KS,4
29065,,6
29067,,6
29069,Kennett- MO,5
29071,St. Louis- MO-IL,2
29073,,6
29075,,6
29077,Springfield- MO,3
29079,,6
29081,,6
29083,,6
29085,,6
29087,,6
29089,,6
29091,West Plains- MO,5
29093,,6
29095,Kansas City- MO-KS,1
29097,Joplin- MO,4
29099,St. Louis- MO-IL,2
29101,Warrensburg- MO,5
29103,,6
29105,Lebanon- MO,5
29107,Kansas City- MO-KS,2
29109,,6
29111,Quincy- IL-MO,5
29113,St. Louis- MO-IL,2
29115,,6
29117,,6
29119,Fayetteville-Springdale-Rogers- AR-MO,3
29121,,6
29123,,6
29125,,6
29127,Hannibal- MO,5
29129,,6
29131,,6
29133,,6
29135,Jefferson City- MO,4
29137,,6
29139,,6
29141,,6
29143,,6
29145,Joplin- MO,4
29147,Maryville- MO,5
29149,,6
29151,Jefferson City- MO,4
29153,,6
29155,,6
29157,,6
29159,Sedalia- MO,5
29161,Rolla- MO,5
29163,,6
29165,Kansas City- MO-KS,2
29167,Springfield- MO,3
29169,Fort Leonard Wood- MO,5
29171,,6
29173,Hannibal- MO,5
29175,Moberly- MO,5
29177,Kansas City- MO-KS,2
29179,,6
29181,,6
29183,St. Louis- MO-IL,2
29185,,6
29186,,6
29187,Farmington- MO,5
29189,St. Louis- MO-IL,2
29195,Marshall- MO,5
29197,Kirksville- MO,5
29199,,6
29201,Sikeston- MO,5
29203,,6
29205,,6
29207,,6
29209,Branson- MO,5
29211,,6
29213,Branson- MO,5
29215,,6
29217,,6
29219,St. Louis- MO-IL,2
29221,,6
29223,,6
29225,Springfield- MO,3
29227,,6
29229,,6
29510,St. Louis- MO-IL,1
30001,,6
30003,,6
30005,,6
30007,,6
30009,Billings- MT,4
30011,,6
30013,Great Falls- MT,4
30015,,6
30017,,6
30019,,6
30021,,6
30023,,6
30025,,6
30027,,6
30029,Kalispell- MT,5
30031,Bozeman- MT,5
30033,,6
30035,,6
30037,Billings- MT,4
30039,,6
30041,,6
30043,Helena- MT,5
30045,,6
30047,,6
30049,Helena- MT,5
30051,,6
30053,,6
30055,,6
30057,,6
30059,,6
30061,,6
30063,Missoula- MT,4
30065,,6
30067,,6
30069,,6
30071,,6
30073,,6
30075,,6
30077,,6
30079,,6
30081,,6
30083,,6
30085,,6
30087,,6
30089,,6
30091,,6
30093,Butte-Silver Bow- MT,5
30095,,6
30097,,6
30099,,6
30101,,6
30103,,6
30105,,6
30107,,6
30109,,6
30111,Billings- MT,4
31001,Hastings- NE,5
31003,,6
31005,,6
31007,Scottsbluff- NE,5
31009,,6
31011,,6
31013,,6
31015,,6
31017,,6
31019,Kearney- NE,5
31021,,6
31023,,6
31025,Omaha-Council Bluffs- NE-IA,3
31027,,6
31029,,6
31031,,6
31033,,6
31035,,6
31037,,6
31039,,6
31041,,6
31043,Sioux City- IA-NE-SD,4
31045,,6
31047,Lexington- NE,5
31049,,6
31051,Sioux City- IA-NE-SD,4
31053,Fremont- NE,5
31055,Omaha-Council Bluffs- NE-IA,3
31057,,6
31059,,6
31061,,6
31063,,6
31065,,6
31067,Beatrice- NE,5
31069,,6
31071,,6
31073,Lexington- NE,5
31075,,6
31077,,6
31079,Grand Island- NE,4
31081,Grand Island- NE,4
31083,,6
31085,,6
31087,,6
31089,,6
31091,,6
31093,Grand Island- NE,4
31095,,6
31097,,6
31099,Kearney- NE,5
31101,,6
31103,,6
31105,,6
31107,,6
31109,Lincoln- NE,3
31111,North Platte- NE,5
31113,North Platte- NE,5
31115,,6
31117,North Platte- NE,5
31119,Norfolk- NE,5
31121,Grand Island- NE,4
31123,,6
31125,,6
31127,,6
31129,,6
31131,,6
31133,,6
31135,,6
31137,,6
31139,Norfolk- NE,5
31141,Columbus- NE,5
31143,,6
31145,,6
31147,,6
31149,,6
31151,,6
31153,Omaha-Council Bluffs- NE-IA,3
31155,Omaha-Council Bluffs- NE-IA,3
31157,Scottsbluff- NE,5
31159,Lincoln- NE,3
31161,,6
31163,,6
31165,Scottsbluff- NE,5
31167,Norfolk- NE,5
31169,,6
31171,,6
31173,,6
31175,,6
31177,Omaha-Council Bluffs- NE-IA,3
31179,,6
31181,,6
31183,,6
31185,,6
32001,Fallon- NV,5
32003,Las Vegas-Henderson-Paradise- NV,1
32005,Gardnerville Ranchos- NV,5
32007,Elko- NV,5
32009,,6
32011,Elko- NV,5
32013,Winnemucca- NV,5
32015,,6
32017,,6
32019,Fernley- NV,5
32021,,6
32023,Pahrump- NV,5
32027,,6
32029,Reno- NV,3
32031,Reno- NV,3
32033,,6
32510,Carson City- NV,4
33001,Laconia- NH,5
33003,,6
33005,Keene- NH,5
33007,Berlin- NH-VT,5
33009,Claremont-Lebanon- NH-VT,5
33011,Manchester-Nashua- NH,3
33013,Concord- NH,5
33015,Boston-Cambridge-Newton- MA-NH,2
33017,Boston-Cambridge-Newton- MA-NH,2
33019,Claremont-Lebanon- NH-VT,5
34001,Atlantic City-Hammonton- NJ,3
34003,New York-Newark-Jersey City- NY-NJ-PA,2
34005,Philadelphia-Camden-Wilmington- PA-NJ-DE-,2
34007,Philadelphia-Camden-Wilmington- PA-NJ-DE-,2
34009,Ocean City- NJ,4
34011,Vineland-Bridgeton- NJ,4
34013,New York-Newark-Jersey City- NY-NJ-PA,1
34015,Philadelphia-Camden-Wilmington- PA-NJ-DE-,2
34017,New York-Newark-Jersey City- NY-NJ-PA,1
34019,New York-Newark-Jersey City- NY-NJ-PA,2
34021,Trenton- NJ,3
34023,New York-Newark-Jersey City- NY-NJ-PA,2
34025,New York-Newark-Jersey City- NY-NJ-PA,2
34027,New York-Newark-Jersey City- NY-NJ-PA,2
34029,New York-Newark-Jersey City- NY-NJ-PA,2
34031,New York-Newark-Jersey City- NY-NJ-PA,2
34033,Philadelphia-Camden-Wilmington- PA-NJ-DE-,2
34035,New York-Newark-Jersey City- NY-NJ-PA,2
34037,New York-Newark-Jersey City- NY-NJ-PA,2
34039,New York-Newark-Jersey City- NY-NJ-PA,1
34041,Allentown-Bethlehem-Easton- PA-NJ,3
35001,Albuquerque- NM,3
35003,,6
35005,Roswell- NM,5
35006,Grants- NM,5
35007,,6
35009,Clovis- NM,5
35011,,6
35013,Las Cruces- NM,4
35015,Carlsbad-Artesia- NM,5
35017,Silver City- NM,5
35019,,6
35021,,6
35023,,6
35025,Hobbs- NM,5
35027,,6
35028,Los Alamos- NM,5
35029,Deming- NM,5
35031,Gallup- NM,5
35033,,6
35035,Alamogordo- NM,5
35037,,6
35039,Espa±ola- NM,5
35041,Portales- NM,5
35043,Albuquerque- NM,3
35045,Farmington- NM,4
35047,Las Vegas- NM,5
35049,Santa Fe- NM,4
35051,,6
35053,,6
35055,Taos- NM,5
35057,Albuquerque- NM,3
35059,,6
35061,Albuquerque- NM,3
36001,Albany-Schenectady-Troy- NY,3
36003,,6
36005,New York-Newark-Jersey City- NY-NJ-PA,1
36007,Binghamton- NY,4
36009,Olean- NY,5
36011,Auburn- NY,5
36013,Jamestown-Dunkirk-Fredonia- NY,5
36015,Elmira- NY,4
36017,,6
36019,Plattsburgh- NY,5
36021,Hudson- NY,5
36023,Cortland- NY,5
36025,,6
36027,New York-Newark-Jersey City- NY-NJ-PA,2
36029,Buffalo-Cheektowaga-Niagara Falls- NY,1
36031,,6
36033,Malone- NY,5
36035,Gloversville- NY,5
36037,Batavia- NY,5
36039,,6
36041,,6
36043,Utica-Rome- NY,3
36045,Watertown-Fort Drum- NY,4
36047,New York-Newark-Jersey City- NY-NJ-PA,1
36049,,6
36051,Rochester- NY,2
36053,Syracuse- NY,3
36055,Rochester- NY,1
36057,Amsterdam- NY,5
36059,New York-Newark-Jersey City- NY-NJ-PA,2
36061,New York-Newark-Jersey City- NY-NJ-PA,1
36063,Buffalo-Cheektowaga-Niagara Falls- NY,2
36065,Utica-Rome- NY,3
36067,Syracuse- NY,3
36069,Rochester- NY,2
36071,New York-Newark-Jersey City- NY-NJ-PA,2
36073,Rochester- NY,2
36075,Syracuse- NY,3
36077,Oneonta- NY,5
36079,New York-Newark-Jersey City- NY-NJ-PA,2
36081,New York-Newark-Jersey City- NY-NJ-PA,1
36083,Albany-Schenectady-Troy- NY,3
36085,New York-Newark-Jersey City- NY-NJ-PA,1
36087,New York-Newark-Jersey City- NY-NJ-PA,2
36089,Ogdensburg-Massena- NY,5
36091,Albany-Schenectady-Troy- NY,3
36093,Albany-Schenectady-Troy- NY,3
36095,Albany-Schenectady-Troy- NY,3
36097,,6
36099,Seneca Falls- NY,5
36101,Corning- NY,5
36103,New York-Newark-Jersey City- NY-NJ-PA,2
36105,,6
36107,Binghamton- NY,4
36109,Ithaca- NY,4
36111,Kingston- NY,4
36113,Glens Falls- NY,4
36115,Glens Falls- NY,4
36117,Rochester- NY,2
36119,New York-Newark-Jersey City- NY-NJ-PA,2
36121,,6
36123,Rochester- NY,2
37001,Burlington- NC,4
37003,Hickory-Lenoir-Morganton- NC,3
37005,,6
37007,,6
37009,,6
37011,,6
37013,Washington- NC,5
37015,,6
37017,,6
37019,Myrtle Beach-Conway-North Myrtle Beach- S,3
37021,Asheville- NC,3
37023,Hickory-Lenoir-Morganton- NC,3
37025,Charlotte-Concord-Gastonia- NC-SC,2
37027,Hickory-Lenoir-Morganton- NC,3
37029,Elizabeth City- NC,5
37031,Morehead City- NC,5
37033,,6
37035,Hickory-Lenoir-Morganton- NC,3
37037,Durham-Chapel Hill- NC,3
37039,,6
37041,,6
37043,,6
37045,Shelby- NC,5
37047,,6
37049,New Bern- NC,4
37051,Fayetteville- NC,3
37053,Virginia Beach-Norfolk-Newport News- VA-N,2
37055,Kill Devil Hills- NC,5
37057,Winston-Salem- NC,3
37059,Winston-Salem- NC,3
37061,,6
37063,Durham-Chapel Hill- NC,3
37065,Rocky Mount- NC,4
37067,Winston-Salem- NC,3
37069,Raleigh- NC,2
37071,Charlotte-Concord-Gastonia- NC-SC,2
37073,Virginia Beach-Norfolk-Newport News- VA-N,2
37075,,6
37077,Oxford- NC,5
37079,,6
37081,Greensboro-High Point- NC,3
37083,Roanoke Rapids- NC,5
37085,Dunn- NC,5
37087,Asheville- NC,3
37089,Asheville- NC,3
37091,,6
37093,Fayetteville- NC,3
37095,,6
37097,Charlotte-Concord-Gastonia- NC-SC,2
37099,Cullowhee- NC,5
37101,Raleigh- NC,2
37103,New Bern- NC,4
37105,Sanford- NC,5
37107,Kinston- NC,5
37109,Charlotte-Concord-Gastonia- NC-SC,2
37111,Marion- NC,5
37113,,6
37115,Asheville- NC,3
37117,,6
37119,Charlotte-Concord-Gastonia- NC-SC,1
37121,,6
37123,,6
37125,Pinehurst-Southern Pines- NC,5
37127,Rocky Mount- NC,4
37129,Wilmington- NC,3
37131,Roanoke Rapids- NC,5
37133,Jacksonville- NC,4
37135,Durham-Chapel Hill- NC,3
37137,New Bern- NC,4
37139,Elizabeth City- NC,5
37141,Wilmington- NC,3
37143,Elizabeth City- NC,5
37145,Durham-Chapel Hill- NC,3
37147,Greenville- NC,4
37149,,6
37151,Greensboro-High Point- NC,3
37153,Rockingham- NC,5
37155,Lumberton- NC,5
37157,Greensboro-High Point- NC,3
37159,Charlotte-Concord-Gastonia- NC-SC,2
37161,Forest City- NC,5
37163,,6
37165,Laurinburg- NC,5
37167,Albemarle- NC,5
37169,Winston-Salem- NC,3
37171,Mount Airy- NC,5
37173,,6
37175,Brevard- NC,5
37177,Kill Devil Hills- NC,5
37179,Charlotte-Concord-Gastonia- NC-SC,2
37181,Henderson- NC,5
37183,Raleigh- NC,1
37185,,6
37187,,6
37189,Boone- NC,5
37191,Goldsboro- NC,4
37193,North Wilkesboro- NC,5
37195,Wilson- NC,5
37197,Winston-Salem- NC,3
37199,,6
38001,,6
38003,,6
38005,,6
38007,,6
38009,,6
38011,,6
38013,,6
38015,Bismarck- ND,4
38017,Fargo- ND-MN,4
38019,,6
38021,,6
38023,,6
38025,,6
38027,,6
38029,,6
38031,,6
38033,,6
38035,Grand Forks- ND-MN,4
38037,,6
38039,,6
38041,,6
38043,,6
38045,,6
38047,,6
38049,Minot- ND,5
38051,,6
38053,,6
38055,,6
38057,,6
38059,Bismarck- ND,4
38061,,6
38063,,6
38065,Bismarck- ND,4
38067,,6
38069,,6
38071,,6
38073,,6
38075,Minot- ND,5
38077,Wahpeton- ND-MN,5
38079,,6
38081,,6
38083,,6
38085,Bismarck- ND,4
38087,,6
38089,Dickinson- ND,5
38091,,6
38093,Jamestown- ND,5
38095,,6
38097,,6
38099,,6
38101,Minot- ND,5
38103,,6
38105,Williston- ND,5
39001,,6
39003,Lima- OH,4
39005,Ashland- OH,5
39007,Ashtabula- OH,5
39009,Athens- OH,5
39011,Wapakoneta- OH,5
39013,Wheeling- WV-OH,4
39015,Cincinnati- OH-KY-IN,2
39017,Cincinnati- OH-KY-IN,2
39019,Canton-Massillon- OH,3
39021,Urbana- OH,5
39023,Springfield- OH,4
39025,Cincinnati- OH-KY-IN,2
39027,Wilmington- OH,5
39029,Salem- OH,5
39031,Coshocton- OH,5
39033,Bucyrus- OH,5
39035,Cleveland-Elyria- OH,1
39037,Greenville- OH,5
39039,Defiance- OH,5
39041,Columbus- OH,2
39043,Sandusky- OH,5
39045,Columbus- OH,2
39047,Washington Court House- OH,5
39049,Columbus- OH,1
39051,Toledo- OH,3
39053,Point Pleasant- WV-OH,5
39055,Cleveland-Elyria- OH,2
39057,Dayton- OH,3
39059,Cambridge- OH,5
39061,Cincinnati- OH-KY-IN,1
39063,Findlay- OH,5
39065,,6
39067,,6
39069,,6
39071,,6
39073,Columbus- OH,2
39075,,6
39077,Norwalk- OH,5
39079,Jackson- OH,5
39081,Weirton-Steubenville- WV-OH,4
39083,Mount Vernon- OH,5
39085,Cleveland-Elyria- OH,2
39087,Huntington-Ashland- WV-KY-OH,3
39089,Columbus- OH,2
39091,Bellefontaine- OH,5
39093,Cleveland-Elyria- OH,2
39095,Toledo- OH,3
39097,Columbus- OH,2
39099,Youngstown-Warren-Boardman- OH-PA,3
39101,Marion- OH,5
39103,Cleveland-Elyria- OH,2
39105,,6
39107,Celina- OH,5
39109,Dayton- OH,3
39111,,6
39113,Dayton- OH,3
39115,,6
39117,Columbus- OH,2
39119,Zanesville- OH,5
39121,,6
39123,Port Clinton- OH,5
39125,,6
39127,Columbus- OH,2
39129,Columbus- OH,2
39131,,6
39133,Akron- OH,3
39135,,6
39137,,6
39139,Mansfield- OH,4
39141,Chillicothe- OH,5
39143,Fremont- OH,5
39145,Portsmouth- OH,5
39147,Tiffin- OH,5
39149,Sidney- OH,5
39151,Canton-Massillon- OH,3
39153,Akron- OH,3
39155,Youngstown-Warren-Boardman- OH-PA,3
39157,New Philadelphia-Dover- OH,5
39159,Columbus- OH,2
39161,Van Wert- OH,5
39163,,6
39165,Cincinnati- OH-KY-IN,2
39167,Marietta- OH,5
39169,Wooster- OH,5
39171,,6
39173,Toledo- OH,3
39175,,6
40001,,6
40003,,6
40005,,6
40007,,6
40009,Elk City- OK,5
40011,,6
40013,Durant- OK,5
40015,,6
40017,Oklahoma City- OK,2
40019,Ardmore- OK,5
40021,Tahlequah- OK,5
40023,,6
40025,,6
40027,Oklahoma City- OK,2
40029,,6
40031,Lawton- OK,4
40033,Lawton- OK,4
40035,,6
40037,Tulsa- OK,3
40039,Weatherford- OK,5
40041,,6
40043,,6
40045,,6
40047,Enid- OK,5
40049,,6
40051,Oklahoma City- OK,2
40053,,6
40055,,6
40057,,6
40059,,6
40061,,6
40063,,6
40065,Altus- OK,5
40067,,6
40069,,6
40071,Ponca City- OK,5
40073,,6
40075,,6
40077,,6
40079,Fort Smith- AR-OK,3
40081,Oklahoma City- OK,2
40083,Oklahoma City- OK,2
40085,,6
40087,Oklahoma City- OK,2
40089,,6
40091,,6
40093,,6
40095,,6
40097,,6
40099,,6
40101,Muskogee- OK,5
40103,,6
40105,,6
40107,,6
40109,Oklahoma City- OK,1
40111,Tulsa- OK,3
40113,Tulsa- OK,3
40115,Miami- OK,5
40117,Tulsa- OK,3
40119,Stillwater- OK,5
40121,McAlester- OK,5
40123,Ada- OK,5
40125,Shawnee- OK,5
40127,,6
40129,,6
40131,Tulsa- OK,3
40133,,6
40135,Fort Smith- AR-OK,3
40137,Duncan- OK,5
40139,Guymon- OK,5
40141,,6
40143,Tulsa- OK,3
40145,Tulsa- OK,3
40147,Bartlesville- OK,5
40149,,6
40151,,6
40153,Woodward- OK,5
41001,,6
41003,Corvallis- OR,4
41005,Portland-Vancouver-Hillsboro- OR-WA,2
41007,Astoria- OR,5
41009,Portland-Vancouver-Hillsboro- OR-WA,2
41011,Coos Bay- OR,5
41013,Prineville- OR,5
41015,Brookings- OR,5
41017,Bend-Redmond- OR,4
41019,Roseburg- OR,5
41021,,6
41023,,6
41025,,6
41027,Hood River- OR,5
41029,Medford- OR,4
41031,,6
41033,Grants Pass- OR,4
41035,Klamath Falls- OR,5
41037,,6
41039,Eugene- OR,3
41041,Newport- OR,5
41043,Albany- OR,4
41045,Ontario- OR-ID,5
41047,Salem- OR,3
41049,Hermiston-Pendleton- OR,5
41051,Portland-Vancouver-Hillsboro- OR-WA,1
41053,Salem- OR,3
41055,,6
41057,,6
41059,Hermiston-Pendleton- OR,5
41061,La Grande- OR,5
41063,,6
41065,The Dalles- OR,5
41067,Portland-Vancouver-Hillsboro- OR-WA,2
41069,,6
41071,Portland-Vancouver-Hillsboro- OR-WA,2
42001,Gettysburg- PA,4
42003,Pittsburgh- PA,1
42005,Pittsburgh- PA,2
42007,Pittsburgh- PA,2
42009,,6
42011,Reading- PA,3
42013,Altoona- PA,4
42015,Sayre- PA,5
42017,Philadelphia-Camden-Wilmington- PA-NJ-DE-,2
42019,Pittsburgh- PA,2
42021,Johnstown- PA,4
42023,,6
42025,Allentown-Bethlehem-Easton- PA-NJ,3
42027,State College- PA,4
42029,Philadelphia-Camden-Wilmington- PA-NJ-DE-,2
42031,,6
42033,DuBois- PA,5
42035,Lock Haven- PA,5
42037,Bloomsburg-Berwick- PA,4
42039,Meadville- PA,5
42041,Harrisburg-Carlisle- PA,3
42043,Harrisburg-Carlisle- PA,3
42045,Philadelphia-Camden-Wilmington- PA-NJ-DE-,2
42047,,6
42049,Erie- PA,3
42051,Pittsburgh- PA,2
42053,,6
42055,Chambersburg-Waynesboro- PA,4
42057,,6
42059,,6
42061,Huntingdon- PA,5
42063,Indiana- PA,5
42065,,6
42067,,6
42069,Scranton--Wilkes-Barre--Hazleton- PA,3
42071,Lancaster- PA,3
42073,New Castle- PA,5
42075,Lebanon- PA,4
42077,Allentown-Bethlehem-Easton- PA-NJ,3
42079,Scranton--Wilkes-Barre--Hazleton- PA,3
42081,Williamsport- PA,4
42083,Bradford- PA,5
42085,Youngstown-Warren-Boardman- OH-PA,3
42087,Lewistown- PA,5
42089,East Stroudsburg- PA,4
42091,Philadelphia-Camden-Wilmington- PA-NJ-DE-,2
42093,Bloomsburg-Berwick- PA,4
42095,Allentown-Bethlehem-Easton- PA-NJ,3
42097,Sunbury- PA,5
42099,Harrisburg-Carlisle- PA,3
42101,Philadelphia-Camden-Wilmington- PA-NJ-DE-,1
42103,New York-Newark-Jersey City- NY-NJ-PA,2
42105,,6
42107,Pottsville- PA,5
42109,Selinsgrove- PA,5
42111,Somerset- PA,5
42113,,6
42115,,6
42117,,6
42119,Lewisburg- PA,5
42121,Oil City- PA,5
42123,Warren- PA,5
42125,Pittsburgh- PA,2
42127,,6
42129,Pittsburgh- PA,2
42131,Scranton--Wilkes-Barre--Hazleton- PA,3
42133,York-Hanover- PA,3
44001,Providence-Warwick- RI-MA,2
44003,Providence-Warwick- RI-MA,2
44005,Providence-Warwick- RI-MA,2
44007,Providence-Warwick- RI-MA,1
44009,Providence-Warwick- RI-MA,2
45001,Greenwood- SC,5
45003,Augusta-Richmond County- GA-SC,3
45005,,6
45007,Greenville-Anderson-Mauldin- SC,3
45009,,6
45011,,6
45013,Hilton Head Island-Bluffton-Beaufort- SC,4
45015,Charleston-North Charleston- SC,3
45017,Columbia- SC,3
45019,Charleston-North Charleston- SC,3
45021,Gaffney- SC,5
45023,Charlotte-Concord-Gastonia- NC-SC,2
45025,,6
45027,,6
45029,,6
45031,Florence- SC,4
45033,,6
45035,Charleston-North Charleston- SC,3
45037,Augusta-Richmond County- GA-SC,3
45039,Columbia- SC,3
45041,Florence- SC,4
45043,Georgetown- SC,5
45045,Greenville-Anderson-Mauldin- SC,3
45047,Greenwood- SC,5
45049,,6
45051,Myrtle Beach-Conway-North Myrtle Beach- S,3
45053,Hilton Head Island-Bluffton-Beaufort- SC,4
45055,Columbia- SC,3
45057,Charlotte-Concord-Gastonia- NC-SC,2
45059,Greenville-Anderson-Mauldin- SC,3
45061,,6
45063,Columbia- SC,3
45065,,6
45067,,6
45069,Bennettsville- SC,5
45071,Newberry- SC,5
45073,Seneca- SC,5
45075,Orangeburg- SC,5
45077,Greenville-Anderson-Mauldin- SC,3
45079,Columbia- SC,3
45081,Columbia- SC,3
45083,Spartanburg- SC,3
45085,Sumter- SC,4
45087,Spartanburg- SC,3
45089,,6
45091,Charlotte-Concord-Gastonia- NC-SC,2
46003,,6
46005,Huron- SD,5
46007,,6
46009,,6
46011,Brookings- SD,5
46013,Aberdeen- SD,5
46015,,6
46017,,6
46019,,6
46021,,6
46023,,6
46025,,6
46027,Vermillion- SD,5
46029,Watertown- SD,5
46031,,6
46033,Rapid City- SD,4
46035,Mitchell- SD,5
46037,,6
46039,,6
46041,,6
46043,,6
46045,Aberdeen- SD,5
46047,,6
46049,,6
46051,,6
46053,,6
46055,,6
46057,,6
46059,,6
46061,Mitchell- SD,5
46063,,6
46065,Pierre- SD,5
46067,,6
46069,,6
46071,,6
46073,,6
46075,,6
46077,,6
46079,,6
46081,Spearfish- SD,5
46083,Sioux Falls- SD,4
46085,,6
46087,Sioux Falls- SD,4
46089,,6
46091,,6
46093,Rapid City- SD,4
46095,,6
46097,,6
46099,Sioux Falls- SD,4
46101,,6
46102,,6
46103,Rapid City- SD,4
46105,,6
46107,,6
46109,,6
46111,,6
46113,,6
46115,,6
46117,Pierre- SD,5
46119,Pierre- SD,5
46121,,6
46123,,6
46125,Sioux Falls- SD,4
46127,Sioux City- IA-NE-SD,4
46129,,6
46135,Yankton- SD,5
46137,,6
47001,Knoxville- TN,3
47003,Shelbyville- TN,5
47005,,6
47007,,6
47009,Knoxville- TN,3
47011,Cleveland- TN,4
47013,Knoxville- TN,3
47015,Nashville-Davidson--Murfreesboro--Frankli,2
47017,,6
47019,Johnson City- TN,4
47021,Nashville-Davidson--Murfreesboro--Frankli,2
47023,Jackson- TN,4
47025,,6
47027,,6
47029,Newport- TN,5
47031,Tullahoma-Manchester- TN,5
47033,Jackson- TN,4
47035,Crossville- TN,5
47037,Nashville-Davidson--Murfreesboro--Frankli,1
47039,,6
47041,,6
47043,Nashville-Davidson--Murfreesboro--Frankli,2
47045,Dyersburg- TN,5
47047,Memphis- TN-MS-AR,2
47049,,6
47051,Tullahoma-Manchester- TN,5
47053,,6
47055,,6
47057,Knoxville- TN,3
47059,Greeneville- TN,5
47061,,6
47063,Morristown- TN,4
47065,Chattanooga- TN-GA,3
47067,,6
47069,,6
47071,,6
47073,Kingsport-Bristol-Bristol- TN-VA,3
47075,,6
47077,,6
47079,Paris- TN,5
47081,Nashville-Davidson--Murfreesboro--Frankli,2
47083,,6
47085,,6
47087,Cookeville- TN,5
47089,Morristown- TN,4
47091,,6
47093,Knoxville- TN,3
47095,,6
47097,,6
47099,Lawrenceburg- TN,5
47101,,6
47103,,6
47105,Knoxville- TN,3
47107,Athens- TN,5
47109,,6
47111,Nashville-Davidson--Murfreesboro--Frankli,2
47113,Jackson- TN,4
47115,Chattanooga- TN-GA,3
47117,Lewisburg- TN,5
47119,Nashville-Davidson--Murfreesboro--Frankli,2
47121,,6
47123,,6
47125,Clarksville- TN-KY,3
47127,Tullahoma-Manchester- TN,5
47129,Knoxville- TN,3
47131,Union City- TN-KY,5
47133,Cookeville- TN,5
47135,,6
47137,,6
47139,Cleveland- TN,4
47141,Cookeville- TN,5
47143,Dayton- TN,5
47145,Knoxville- TN,3
47147,Nashville-Davidson--Murfreesboro--Frankli,2
47149,Nashville-Davidson--Murfreesboro--Frankli,2
47151,,6
47153,Chattanooga- TN-GA,3
47155,Sevierville- TN,5
47157,Memphis- TN-MS-AR,1
47159,Nashville-Davidson--Murfreesboro--Frankli,2
47161,,6
47163,Kingsport-Bristol-Bristol- TN-VA,3
47165,Nashville-Davidson--Murfreesboro--Frankli,2
47167,Memphis- TN-MS-AR,2
47169,Nashville-Davidson--Murfreesboro--Frankli,2
47171,Johnson City- TN,4
47173,Knoxville- TN,3
47175,,6
47177,McMinnville- TN,5
47179,Johnson City- TN,4
47181,,6
47183,Martin- TN,5
47185,,6
47187,Nashville-Davidson--Murfreesboro--Frankli,2
47189,Nashville-Davidson--Murfreesboro--Frankli,2
48001,Palestine- TX,5
48003,Andrews- TX,5
48005,Lufkin- TX,5
48007,Corpus Christi- TX,3
48009,Wichita Falls- TX,4
48011,Amarillo- TX,3
48013,San Antonio-New Braunfels- TX,2
48015,Houston-The Woodlands-Sugar Land- TX,2
48017,,6
48019,San Antonio-New Braunfels- TX,2
48021,Austin-Round Rock- TX,2
48023,,6
48025,Beeville- TX,5
48027,Killeen-Temple- TX,3
48029,San Antonio-New Braunfels- TX,1
48031,,6
48033,,6
48035,,6
48037,Texarkana- TX-AR,4
48039,Houston-The Woodlands-Sugar Land- TX,2
48041,College Station-Bryan- TX,4
48043,,6
48045,,6
48047,,6
48049,Brownwood- TX,5
48051,College Station-Bryan- TX,4
48053,,6
48055,Austin-Round Rock- TX,2
48057,Port Lavaca- TX,5
48059,Abilene- TX,4
48061,Brownsville-Harlingen- TX,3
48063,,6
48065,Amarillo- TX,3
48067,,6
48069,,6
48071,Houston-The Woodlands-Sugar Land- TX,2
48073,Jacksonville- TX,5
48075,,6
48077,Wichita Falls- TX,4
48079,,6
48081,,6
48083,,6
48085,Dallas-Fort Worth-Arlington- TX,1
48087,,6
48089,,6
48091,San Antonio-New Braunfels- TX,2
48093,,6
48095,,6
48097,Gainesville- TX,5
48099,Killeen-Temple- TX,3
48101,,6
48103,,6
48105,,6
48107,Lubbock- TX,3
48109,,6
48111,,6
48113,Dallas-Fort Worth-Arlington- TX,1
48115,Lamesa- TX,5
48117,Hereford- TX,5
48119,,6
48121,Dallas-Fort Worth-Arlington- TX,2
48123,,6
48125,,6
48127,,6
48129,,6
48131,,6
48133,,6
48135,Odessa- TX,4
48137,,6
48139,Dallas-Fort Worth-Arlington- TX,2
48141,El Paso- TX,3
48143,Stephenville- TX,5
48145,Waco- TX,3
48147,,6
48149,,6
48151,,6
48153,,6
48155,,6
48157,Houston-The Woodlands-Sugar Land- TX,2
48159,,6
48161,,6
48163,,6
48165,,6
48167,Houston-The Woodlands-Sugar Land- TX,2
48169,,6
48171,Fredericksburg- TX,5
48173,Big Spring- TX,5
48175,Victoria- TX,4
48177,,6
48179,Pampa- TX,5
48181,Sherman-Denison- TX,4
48183,Longview- TX,4
48185,,6
48187,San Antonio-New Braunfels- TX,2
48189,Plainview- TX,5
48191,,6
48193,,6
48195,,6
48197,,6
48199,Beaumont-Port Arthur- TX,3
48201,Houston-The Woodlands-Sugar Land- TX,1
48203,Marshall- TX,5
48205,,6
48207,,6
48209,Austin-Round Rock- TX,2
48211,,6
48213,Athens- TX,5
48215,McAllen-Edinburg-Mission- TX,3
48217,,6
48219,Levelland- TX,5
48221,Dallas-Fort Worth-Arlington- TX,2
48223,Sulphur Springs- TX,5
48225,,6
48227,Big Spring- TX,5
48229,El Paso- TX,3
48231,Dallas-Fort Worth-Arlington- TX,2
48233,Borger- TX,5
48235,San Angelo- TX,4
48237,,6
48239,,6
48241,,6
48243,,6
48245,Beaumont-Port Arthur- TX,3
48247,,6
48249,Alice- TX,5
48251,Dallas-Fort Worth-Arlington- TX,2
48253,Abilene- TX,4
48255,,6
48257,Dallas-Fort Worth-Arlington- TX,2
48259,San Antonio-New Braunfels- TX,2
48261,Kingsville- TX,5
48263,,6
48265,Kerrville- TX,5
48267,,6
48269,,6
48271,,6
48273,Kingsville- TX,5
48275,,6
48277,Paris- TX,5
48279,,6
48281,Killeen-Temple- TX,3
48283,,6
48285,,6
48287,,6
48289,,6
48291,Houston-The Woodlands-Sugar Land- TX,2
48293,,6
48295,,6
48297,,6
48299,,6
48301,,6
48303,Lubbock- TX,3
48305,Lubbock- TX,3
48307,,6
48309,Waco- TX,3
48311,,6
48313,,6
48315,,6
48317,Midland- TX,4
48319,,6
48321,Bay City- TX,5
48323,Eagle Pass- TX,5
48325,San Antonio-New Braunfels- TX,2
48327,,6
48329,Midland- TX,4
48331,,6
48333,,6
48335,,6
48337,,6
48339,Houston-The Woodlands-Sugar Land- TX,2
48341,Dumas- TX,5
48343,,6
48345,,6
48347,Nacogdoches- TX,5
48349,Corsicana- TX,5
48351,Beaumont-Port Arthur- TX,3
48353,Sweetwater- TX,5
48355,Corpus Christi- TX,3
48357,,6
48359,Amarillo- TX,3
48361,Beaumont-Port Arthur- TX,3
48363,Mineral Wells- TX,5
48365,,6
48367,Dallas-Fort Worth-Arlington- TX,2
48369,,6
48371,,6
48373,,6
48375,Amarillo- TX,3
48377,,6
48379,,6
48381,Amarillo- TX,3
48383,,6
48385,,6
48387,,6
48389,Pecos- TX,5
48391,,6
48393,,6
48395,College Station-Bryan- TX,4
48397,Dallas-Fort Worth-Arlington- TX,2
48399,,6
48401,Longview- TX,4
48403,,6
48405,,6
48407,,6
48409,Corpus Christi- TX,3
48411,,6
48413,,6
48415,Snyder- TX,5
48417,,6
48419,,6
48421,,6
48423,Tyler- TX,4
48425,Dallas-Fort Worth-Arlington- TX,2
48427,Rio Grande City- TX,5
48429,,6
48431,,6
48433,,6
48435,,6
48437,,6
48439,Dallas-Fort Worth-Arlington- TX,1
48441,Abilene- TX,4
48443,,6
48445,,6
48447,,6
48449,Mount Pleasant- TX,5
48451,San Angelo- TX,4
48453,Austin-Round Rock- TX,1
48455,Huntsville- TX,5
48457,,6
48459,Longview- TX,4
48461,,6
48463,Uvalde- TX,5
48465,Del Rio- TX,5
48467,,6
48469,Victoria- TX,4
48471,Huntsville- TX,5
48473,Houston-The Woodlands-Sugar Land- TX,2
48475,,6
48477,Brenham- TX,5
48479,Laredo- TX,3
48481,El Campo- TX,5
48483,,6
48485,Wichita Falls- TX,4
48487,Vernon- TX,5
48489,Raymondville- TX,5
48491,Austin-Round Rock- TX,2
48493,San Antonio-New Braunfels- TX,2
48495,,6
48497,Dallas-Fort Worth-Arlington- TX,2
48499,,6
48501,,6
48503,,6
48505,Zapata- TX,5
48507,,6
49001,,6
49003,Ogden-Clearfield- UT,3
49005,Logan- UT-ID,4
49007,Price- UT,5
49009,,6
49011,Ogden-Clearfield- UT,3
49013,,6
49015,,6
49017,,6
49019,,6
49021,Cedar City- UT,5
49023,Provo-Orem- UT,3
49025,,6
49027,,6
49029,Ogden-Clearfield- UT,3
49031,,6
49033,,6
49035,Salt Lake City- UT,1
49037,,6
49039,,6
49041,,6
49043,Summit Park- UT,5
49045,Salt Lake City- UT,2
49047,Vernal- UT,5
49049,Provo-Orem- UT,3
49051,Heber- UT,5
49053,St. George- UT,4
49055,,6
49057,Ogden-Clearfield- UT,3
50001,,6
50003,Bennington- VT,5
50005,,6
50007,Burlington-South Burlington- VT,4
50009,Berlin- NH-VT,5
50011,Burlington-South Burlington- VT,4
50013,Burlington-South Burlington- VT,4
50015,,6
50017,Claremont-Lebanon- NH-VT,5
50019,,6
50021,Rutland- VT,5
50023,Barre- VT,5
50025,,6
50027,Claremont-Lebanon- NH-VT,5
51001,,6
51003,Charlottesville- VA,4
51005,,6
51007,Richmond- VA,2
51009,Lynchburg- VA,3
51011,Lynchburg- VA,3
51013,Washington-Arlington-Alexandria- DC-VA-MD,1
51015,Staunton-Waynesboro- VA,4
51017,,6
51019,Lynchburg- VA,3
51021,,6
51023,Roanoke- VA,3
51025,,6
51027,,6
51029,Charlottesville- VA,4
51031,Lynchburg- VA,3
51033,Richmond- VA,2
51035,,6
51036,Richmond- VA,2
51037,,6
51041,Richmond- VA,2
51043,Washington-Arlington-Alexandria- DC-VA-MD,2
51045,Roanoke- VA,3
51047,Washington-Arlington-Alexandria- DC-VA-MD,2
51049,,6
51051,Big Stone Gap- VA,5
51053,Richmond- VA,2
51057,,6
51059,Washington-Arlington-Alexandria- DC-VA-MD,2
51061,Washington-Arlington-Alexandria- DC-VA-MD,2
51063,Blacksburg-Christiansburg-Radford- VA,4
51065,Charlottesville- VA,4
51067,Roanoke- VA,3
51069,Winchester- VA-WV,4
51071,Blacksburg-Christiansburg-Radford- VA,4
51073,Virginia Beach-Norfolk-Newport News- VA-N,2
51075,Richmond- VA,2
51077,,6
51079,Charlottesville- VA,4
51081,,6
51083,,6
51085,Richmond- VA,2
51087,Richmond- VA,2
51089,Martinsville- VA,5
51091,,6
51093,Virginia Beach-Norfolk-Newport News- VA-N,2
51095,Virginia Beach-Norfolk-Newport News- VA-N,2
51097,,6
51099,,6
51101,Richmond- VA,2
51103,,6
51105,,6
51107,Washington-Arlington-Alexandria- DC-VA-MD,2
51109,,6
51111,,6
51113,,6
51115,Virginia Beach-Norfolk-Newport News- VA-N,2
51117,,6
51119,,6
51121,Blacksburg-Christiansburg-Radford- VA,4
51125,Charlottesville- VA,4
51127,Richmond- VA,2
51131,,6
51133,,6
51135,,6
51137,,6
51139,,6
51141,,6
51143,Danville- VA,5
51145,Richmond- VA,2
51147,,6
51149,Richmond- VA,2
51153,Washington-Arlington-Alexandria- DC-VA-MD,2
51155,Blacksburg-Christiansburg-Radford- VA,4
51157,Washington-Arlington-Alexandria- DC-VA-MD,2
51159,,6
51161,Roanoke- VA,3
51163,,6
51165,Harrisonburg- VA,4
51167,,6
51169,Kingsport-Bristol-Bristol- TN-VA,3
51171,,6
51173,,6
51175,,6
51177,Washington-Arlington-Alexandria- DC-VA-MD,2
51179,Washington-Arlington-Alexandria- DC-VA-MD,2
51181,,6
51183,Richmond- VA,2
51185,Bluefield- WV-VA,5
51187,Washington-Arlington-Alexandria- DC-VA-MD,2
51191,Kingsport-Bristol-Bristol- TN-VA,3
51193,,6
51195,Big Stone Gap- VA,5
51197,,6
51199,Virginia Beach-Norfolk-Newport News- VA-N,2
51510,Washington-Arlington-Alexandria- DC-VA-MD,1
51515,Lynchburg- VA,3
51520,Kingsport-Bristol-Bristol- TN-VA,3
51530,,6
51540,Charlottesville- VA,4
51550,Virginia Beach-Norfolk-Newport News- VA-N,2
51560,,6
51570,Richmond- VA,2
51580,,6
51590,Danville- VA,5
51595,,6
51600,Washington-Arlington-Alexandria- DC-VA-MD,2
51610,Washington-Arlington-Alexandria- DC-VA-MD,2
51620,,6
51630,Washington-Arlington-Alexandria- DC-VA-MD,2
51640,,6
51650,Virginia Beach-Norfolk-Newport News- VA-N,2
51660,Harrisonburg- VA,4
51670,Richmond- VA,2
51678,,6
51680,Lynchburg- VA,3
51683,Washington-Arlington-Alexandria- DC-VA-MD,2
51685,Washington-Arlington-Alexandria- DC-VA-MD,2
51690,Martinsville- VA,5
51700,Virginia Beach-Norfolk-Newport News- VA-N,2
51710,Virginia Beach-Norfolk-Newport News- VA-N,1
51720,Big Stone Gap- VA,5
51730,Richmond- VA,2
51735,Virginia Beach-Norfolk-Newport News- VA-N,2
51740,Virginia Beach-Norfolk-Newport News- VA-N,2
51750,Blacksburg-Christiansburg-Radford- VA,4
51760,Richmond- VA,1
51770,Roanoke- VA,3
51775,Roanoke- VA,3
51790,Staunton-Waynesboro- VA,4
51800,Virginia Beach-Norfolk-Newport News- VA-N,2
51810,Virginia Beach-Norfolk-Newport News- VA-N,1
51820,Staunton-Waynesboro- VA,4
51830,Virginia Beach-Norfolk-Newport News- VA-N,2
51840,Winchester- VA-WV,4
53001,Othello- WA,5
53003,Lewiston- ID-WA,4
53005,Kennewick-Richland- WA,3
53007,Wenatchee- WA,4
53009,Port Angeles- WA,5
53011,Portland-Vancouver-Hillsboro- OR-WA,2
53013,Walla Walla- WA,4
53015,Longview- WA,4
53017,Wenatchee- WA,4
53019,,6
53021,Kennewick-Richland- WA,3
53023,,6
53025,Moses Lake- WA,5
53027,Aberdeen- WA,5
53029,Oak Harbor- WA,5
53031,,6
53033,Seattle-Tacoma-Bellevue- WA,1
53035,Bremerton-Silverdale- WA,3
53037,Ellensburg- WA,5
53039,,6
53041,Centralia- WA,5
53043,,6
53045,Shelton- WA,5
53047,,6
53049,,6
53051,Spokane-Spokane Valley- WA,3
53053,Seattle-Tacoma-Bellevue- WA,2
53055,,6
53057,Mount Vernon-Anacortes- WA,4
53059,Portland-Vancouver-Hillsboro- OR-WA,2
53061,Seattle-Tacoma-Bellevue- WA,2
53063,Spokane-Spokane Valley- WA,3
53065,Spokane-Spokane Valley- WA,3
53067,Olympia-Tumwater- WA,3
53069,,6
53071,Walla Walla- WA,4
53073,Bellingham- WA,4
53075,Pullman- WA,5
53077,Yakima- WA,4
54001,,6
54003,Hagerstown-Martinsburg- MD-WV,3
54005,Charleston- WV,4
54007,,6
54009,Weirton-Steubenville- WV-OH,4
54011,Huntington-Ashland- WV-KY-OH,3
54013,,6
54015,Charleston- WV,4
54017,Clarksburg- WV,5
54019,Beckley- WV,4
54021,,6
54023,,6
54025,,6
54027,Winchester- VA-WV,4
54029,Weirton-Steubenville- WV-OH,4
54031,,6
54033,Clarksburg- WV,5
54035,,6
54037,Washington-Arlington-Alexandria- DC-VA-MD,2
54039,Charleston- WV,4
54041,,6
54043,Huntington-Ashland- WV-KY-OH,3
54045,Logan- WV,5
54047,,6
54049,Fairmont- WV,5
54051,Wheeling- WV-OH,4
54053,Point Pleasant- WV-OH,5
54055,Bluefield- WV-VA,5
54057,Cumberland- MD-WV,4
54059,,6
54061,Morgantown- WV,4
54063,,6
54065,,6
54067,,6
54069,Wheeling- WV-OH,4
54071,,6
54073,,6
54075,,6
54077,Morgantown- WV,4
54079,Huntington-Ashland- WV-KY-OH,3
54081,Beckley- WV,4
54083,Elkins- WV,5
54085,,6
54087,,6
54089,,6
54091,Clarksburg- WV,5
54093,,6
54095,,6
54097,,6
54099,Huntington-Ashland- WV-KY-OH,3
54101,,6
54103,,6
54105,Parkersburg-Vienna- WV,4
54107,Parkersburg-Vienna- WV,4
54109,,6
55001,,6
55003,,6
55005,,6
55007,,6
55009,Green Bay- WI,3
55011,,6
55013,,6
55015,Appleton- WI,4
55017,Eau Claire- WI,4
55019,,6
55021,Madison- WI,3
55023,,6
55025,Madison- WI,3
55027,Beaver Dam- WI,5
55029,,6
55031,Duluth- MN-WI,3
55033,Menomonie- WI,5
55035,Eau Claire- WI,4
55037,Iron Mountain- MI-WI,5
55039,Fond du Lac- WI,4
55041,,6
55043,Platteville- WI,5
55045,Madison- WI,3
55047,,6
55049,Madison- WI,3
55051,,6
55053,,6
55055,Watertown-Fort Atkinson- WI,5
55057,,6
55059,Chicago-Naperville-Elgin- IL-IN-WI,2
55061,Green Bay- WI,3
55063,La Crosse-Onalaska- WI-MN,4
55065,,6
55067,,6
55069,Merrill- WI,5
55071,Manitowoc- WI,5
55073,Wausau- WI,4
55075,Marinette- WI-MI,5
55077,,6
55078,Shawano- WI,5
55079,Milwaukee-Waukesha-West Allis- WI,1
55081,,6
55083,Green Bay- WI,3
55085,,6
55087,Appleton- WI,4
55089,Milwaukee-Waukesha-West Allis- WI,2
55091,,6
55093,Minneapolis-St. Paul-Bloomington- MN-WI,2
55095,,6
55097,Stevens Point- WI,5
55099,,6
55101,Racine- WI,4
55103,,6
55105,Janesville-Beloit- WI,4
55107,,6
55109,Minneapolis-St. Paul-Bloomington- MN-WI,2
55111,Baraboo- WI,5
55113,,6
55115,Shawano- WI,5
55117,Sheboygan- WI,4
55119,,6
55121,,6
55123,,6
55125,,6
55127,Whitewater-Elkhorn- WI,5
55129,,6
55131,Milwaukee-Waukesha-West Allis- WI,2
55133,Milwaukee-Waukesha-West Allis- WI,2
55135,,6
55137,,6
55139,Oshkosh-Neenah- WI,4
55141,Wisconsin Rapids-Marshfield- WI,5
56001,Laramie- WY,5
56003,,6
56005,Gillette- WY,5
56007,,6
56009,,6
56011,,6
56013,Riverton- WY,5
56015,,6
56017,,6
56019,,6
56021,Cheyenne- WY,4
56023,,6
56025,Casper- WY,4
56027,,6
56029,,6
56031,,6
56033,Sheridan- WY,5
56035,,6
56037,Rock Springs- WY,5
56039,Jackson- WY-ID,5
56041,Evanston- WY,5
56043,,6
56045,,6
